[
  {
    "Command": [],
    "Constant": [],
    "Constructor": [],
    "Deprecated": [],
    "Field": [],
    "Function": [],
    "Method": [],
    "Variable": [],
    "desc": "With this Spoon you will be prompted with a list of all open windows of the currently focused application.",
    "doc": "With this Spoon you will be prompted with a list of all open windows of the currently focused application.\nOfficial homepage for more info and documentation:\n[https://github.com/Maahsome/Spoons](https://github.com/Maahsome/Spoons)\n",
    "items": [],
    "name": "AppWindowSwitcher",
    "stripped_doc": "Official homepage for more info and documentation:\n[https://github.com/Maahsome/Spoons](https://github.com/Maahsome/Spoons)\n",
    "submodules": [],
    "type": "Module"
  }
]