[
  {
    "Command": [],
    "Constant": [],
    "Constructor": [],
    "Deprecated": [],
    "Field": [],
    "Function": [],
    "Method": [],
    "Variable": [],
    "desc": "With this Spoon you will be able to target a specific application (Google Chrome, iTerm2, Sublime Text) and assign a hyper key to cascade the open windows.",
    "doc": "With this Spoon you will be able to target a specific application (Google Chrome, iTerm2, Sublime Text) and assign a hyper key to cascade the open windows.\nOfficial homepage for more info and documentation:\n[https://github.com/Maahsome/Spoons](https://github.com/Maahsome/Spoons)\n",
    "items": [],
    "name": "AppWindowSwitcher",
    "stripped_doc": "Official homepage for more info and documentation:\n[https://github.com/Maahsome/Spoons](https://github.com/Maahsome/Spoons)\n",
    "submodules": [],
    "type": "Module"
  }
]